order_date,demand,actual_demand,predicted_demand,lower_bound,upper_bound,is_forecast,model_used,forecast_horizon
2023-01-01,32.0,32.0,,,,0,Linear Regression,30
2023-01-02,13.0,13.0,,,,0,Linear Regression,30
2023-01-03,11.0,11.0,,,,0,Linear Regression,30
2023-01-04,8.0,8.0,,,,0,Linear Regression,30
2023-01-05,15.0,15.0,,,,0,Linear Regression,30
2023-01-06,26.0,26.0,,,,0,Linear Regression,30
2023-01-07,30.0,30.0,,,,0,Linear Regression,30
2023-01-08,11.0,11.0,,,,0,Linear Regression,30
2023-01-09,16.0,16.0,,,,0,Linear Regression,30
2023-01-10,13.0,13.0,,,,0,Linear Regression,30
2023-01-11,31.0,31.0,,,,0,Linear Regression,30
2023-01-12,15.0,15.0,,,,0,Linear Regression,30
2023-01-13,25.0,25.0,,,,0,Linear Regression,30
2023-01-14,25.0,25.0,,,,0,Linear Regression,30
2023-01-15,18.0,18.0,,,,0,Linear Regression,30
2023-01-16,22.0,22.0,,,,0,Linear Regression,30
2023-01-17,20.0,20.0,,,,0,Linear Regression,30
2023-01-18,23.0,23.0,,,,0,Linear Regression,30
2023-01-19,20.0,20.0,,,,0,Linear Regression,30
2023-01-20,24.0,24.0,,,,0,Linear Regression,30
2023-01-21,9.0,9.0,,,,0,Linear Regression,30
2023-01-22,18.0,18.0,,,,0,Linear Regression,30
2023-01-23,17.0,17.0,,,,0,Linear Regression,30
2023-01-24,17.0,17.0,,,,0,Linear Regression,30
2023-01-25,19.0,19.0,,,,0,Linear Regression,30
2023-01-26,32.0,32.0,,,,0,Linear Regression,30
2023-01-27,16.0,16.0,,,,0,Linear Regression,30
2023-01-28,23.0,23.0,,,,0,Linear Regression,30
2023-01-29,9.0,9.0,,,,0,Linear Regression,30
2023-01-30,9.0,9.0,,,,0,Linear Regression,30
2023-01-31,20.0,20.0,,,,0,Linear Regression,30
2023-02-01,11.0,11.0,,,,0,Linear Regression,30
2023-02-02,22.0,22.0,,,,0,Linear Regression,30
2023-02-03,31.0,31.0,,,,0,Linear Regression,30
2023-02-04,22.0,22.0,,,,0,Linear Regression,30
2023-02-05,15.0,15.0,,,,0,Linear Regression,30
2023-02-06,9.0,9.0,,,,0,Linear Regression,30
2023-02-07,16.0,16.0,,,,0,Linear Regression,30
2023-02-08,14.0,14.0,,,,0,Linear Regression,30
2023-02-09,23.0,23.0,,,,0,Linear Regression,30
2023-02-10,16.0,16.0,,,,0,Linear Regression,30
2023-02-11,4.0,4.0,,,,0,Linear Regression,30
2023-02-12,23.0,23.0,,,,0,Linear Regression,30
2023-02-13,16.0,16.0,,,,0,Linear Regression,30
2023-02-14,13.0,13.0,,,,0,Linear Regression,30
2023-02-15,16.0,16.0,,,,0,Linear Regression,30
2023-02-16,24.0,24.0,,,,0,Linear Regression,30
2023-02-17,13.0,13.0,,,,0,Linear Regression,30
2023-02-18,18.0,18.0,,,,0,Linear Regression,30
2023-02-19,12.0,12.0,,,,0,Linear Regression,30
2023-02-20,4.0,4.0,,,,0,Linear Regression,30
2023-02-21,7.0,7.0,,,,0,Linear Regression,30
2023-02-22,30.0,30.0,,,,0,Linear Regression,30
2023-02-23,19.0,19.0,,,,0,Linear Regression,30
2023-02-24,14.0,14.0,,,,0,Linear Regression,30
2023-02-25,13.0,13.0,,,,0,Linear Regression,30
2023-02-26,23.0,23.0,,,,0,Linear Regression,30
2023-02-27,15.0,15.0,,,,0,Linear Regression,30
2023-02-28,17.0,17.0,,,,0,Linear Regression,30
2023-03-01,29.0,29.0,,,,0,Linear Regression,30
2023-03-02,27.0,27.0,,,,0,Linear Regression,30
2023-03-03,13.0,13.0,,,,0,Linear Regression,30
2023-03-04,19.0,19.0,,,,0,Linear Regression,30
2023-03-05,20.0,20.0,,,,0,Linear Regression,30
2023-03-06,21.0,21.0,,,,0,Linear Regression,30
2023-03-07,39.0,39.0,,,,0,Linear Regression,30
2023-03-08,33.0,33.0,,,,0,Linear Regression,30
2023-03-09,22.0,22.0,,,,0,Linear Regression,30
2023-03-10,18.0,18.0,,,,0,Linear Regression,30
2023-03-11,14.0,14.0,,,,0,Linear Regression,30
2023-03-12,16.0,16.0,,,,0,Linear Regression,30
2023-03-13,24.0,24.0,,,,0,Linear Regression,30
2023-03-14,14.0,14.0,,,,0,Linear Regression,30
2023-03-15,26.0,26.0,,,,0,Linear Regression,30
2023-03-16,14.0,14.0,,,,0,Linear Regression,30
2023-03-17,14.0,14.0,,,,0,Linear Regression,30
2023-03-18,16.0,16.0,,,,0,Linear Regression,30
2023-03-19,17.0,17.0,,,,0,Linear Regression,30
2023-03-20,20.0,20.0,,,,0,Linear Regression,30
2023-03-21,15.0,15.0,,,,0,Linear Regression,30
2023-03-22,30.0,30.0,,,,0,Linear Regression,30
2023-03-23,25.0,25.0,,,,0,Linear Regression,30
2023-03-24,15.0,15.0,,,,0,Linear Regression,30
2023-03-25,20.0,20.0,,,,0,Linear Regression,30
2023-03-26,20.0,20.0,,,,0,Linear Regression,30
2023-03-27,57.0,57.0,,,,0,Linear Regression,30
2023-03-28,21.0,21.0,,,,0,Linear Regression,30
2023-03-29,31.0,31.0,,,,0,Linear Regression,30
2023-03-30,25.0,25.0,,,,0,Linear Regression,30
2023-03-31,23.0,23.0,,,,0,Linear Regression,30
2023-04-01,18.0,18.0,,,,0,Linear Regression,30
2023-04-02,27.0,27.0,,,,0,Linear Regression,30
2023-04-03,37.0,37.0,,,,0,Linear Regression,30
2023-04-04,30.0,30.0,,,,0,Linear Regression,30
2023-04-05,14.0,14.0,,,,0,Linear Regression,30
2023-04-06,17.0,17.0,,,,0,Linear Regression,30
2023-04-07,22.0,22.0,,,,0,Linear Regression,30
2023-04-08,20.0,20.0,,,,0,Linear Regression,30
2023-04-09,12.0,12.0,,,,0,Linear Regression,30
2023-04-10,27.0,27.0,,,,0,Linear Regression,30
2023-04-11,26.0,26.0,,,,0,Linear Regression,30
2023-04-12,27.0,27.0,,,,0,Linear Regression,30
2023-04-13,28.0,28.0,,,,0,Linear Regression,30
2023-04-14,8.0,8.0,,,,0,Linear Regression,30
2023-04-15,16.0,16.0,,,,0,Linear Regression,30
2023-04-16,17.0,17.0,,,,0,Linear Regression,30
2023-04-17,29.0,29.0,,,,0,Linear Regression,30
2023-04-18,22.0,22.0,,,,0,Linear Regression,30
2023-04-19,25.0,25.0,,,,0,Linear Regression,30
2023-04-20,16.0,16.0,,,,0,Linear Regression,30
2023-04-21,22.0,22.0,,,,0,Linear Regression,30
2023-04-22,20.0,20.0,,,,0,Linear Regression,30
2023-04-23,18.0,18.0,,,,0,Linear Regression,30
2023-04-24,3.0,3.0,,,,0,Linear Regression,30
2023-04-25,29.0,29.0,,,,0,Linear Regression,30
2023-04-26,14.0,14.0,,,,0,Linear Regression,30
2023-04-27,23.0,23.0,,,,0,Linear Regression,30
2023-04-28,22.0,22.0,,,,0,Linear Regression,30
2023-04-29,16.0,16.0,,,,0,Linear Regression,30
2023-04-30,10.0,10.0,,,,0,Linear Regression,30
2023-05-01,31.0,31.0,,,,0,Linear Regression,30
2023-05-02,11.0,11.0,,,,0,Linear Regression,30
2023-05-03,27.0,27.0,,,,0,Linear Regression,30
2023-05-04,17.0,17.0,,,,0,Linear Regression,30
2023-05-05,25.0,25.0,,,,0,Linear Regression,30
2023-05-06,20.0,20.0,,,,0,Linear Regression,30
2023-05-07,14.0,14.0,,,,0,Linear Regression,30
2023-05-08,27.0,27.0,,,,0,Linear Regression,30
2023-05-09,13.0,13.0,,,,0,Linear Regression,30
2023-05-10,22.0,22.0,,,,0,Linear Regression,30
2023-05-11,24.0,24.0,,,,0,Linear Regression,30
2023-05-12,18.0,18.0,,,,0,Linear Regression,30
2023-05-13,21.0,21.0,,,,0,Linear Regression,30
2023-05-14,27.0,27.0,,,,0,Linear Regression,30
2023-05-15,24.0,24.0,,,,0,Linear Regression,30
2023-05-16,35.0,35.0,,,,0,Linear Regression,30
2023-05-17,29.0,29.0,,,,0,Linear Regression,30
2023-05-18,23.0,23.0,,,,0,Linear Regression,30
2023-05-19,15.0,15.0,,,,0,Linear Regression,30
2023-05-20,26.0,26.0,,,,0,Linear Regression,30
2023-05-21,24.0,24.0,,,,0,Linear Regression,30
2023-05-22,10.0,10.0,,,,0,Linear Regression,30
2023-05-23,22.0,22.0,,,,0,Linear Regression,30
2023-05-24,10.0,10.0,,,,0,Linear Regression,30
2023-05-25,21.0,21.0,,,,0,Linear Regression,30
2023-05-26,26.0,26.0,,,,0,Linear Regression,30
2023-05-27,29.0,29.0,,,,0,Linear Regression,30
2023-05-28,23.0,23.0,,,,0,Linear Regression,30
2023-05-29,10.0,10.0,,,,0,Linear Regression,30
2023-05-30,32.0,32.0,,,,0,Linear Regression,30
2023-05-31,9.0,9.0,,,,0,Linear Regression,30
2023-06-01,25.0,25.0,,,,0,Linear Regression,30
2023-06-02,26.0,26.0,,,,0,Linear Regression,30
2023-06-03,24.0,24.0,,,,0,Linear Regression,30
2023-06-04,10.0,10.0,,,,0,Linear Regression,30
2023-06-05,19.0,19.0,,,,0,Linear Regression,30
2023-06-06,19.0,19.0,,,,0,Linear Regression,30
2023-06-07,38.0,38.0,,,,0,Linear Regression,30
2023-06-08,18.0,18.0,,,,0,Linear Regression,30
2023-06-09,20.0,20.0,,,,0,Linear Regression,30
2023-06-10,12.0,12.0,,,,0,Linear Regression,30
2023-06-11,41.0,41.0,,,,0,Linear Regression,30
2023-06-12,15.0,15.0,,,,0,Linear Regression,30
2023-06-13,34.0,34.0,,,,0,Linear Regression,30
2023-06-14,19.0,19.0,,,,0,Linear Regression,30
2023-06-15,22.0,22.0,,,,0,Linear Regression,30
2023-06-16,26.0,26.0,,,,0,Linear Regression,30
2023-06-17,15.0,15.0,,,,0,Linear Regression,30
2023-06-18,18.0,18.0,,,,0,Linear Regression,30
2023-06-19,17.0,17.0,,,,0,Linear Regression,30
2023-06-20,20.0,20.0,,,,0,Linear Regression,30
2023-06-21,30.0,30.0,,,,0,Linear Regression,30
2023-06-22,19.0,19.0,,,,0,Linear Regression,30
2023-06-23,36.0,36.0,,,,0,Linear Regression,30
2023-06-24,30.0,30.0,,,,0,Linear Regression,30
2023-06-25,17.0,17.0,,,,0,Linear Regression,30
2023-06-26,24.0,24.0,,,,0,Linear Regression,30
2023-06-27,14.0,14.0,,,,0,Linear Regression,30
2023-06-28,27.0,27.0,,,,0,Linear Regression,30
2023-06-29,17.0,17.0,,,,0,Linear Regression,30
2023-06-30,24.0,24.0,,,,0,Linear Regression,30
2023-07-01,24.0,24.0,,,,0,Linear Regression,30
2023-07-02,19.0,19.0,,,,0,Linear Regression,30
2023-07-03,37.0,37.0,,,,0,Linear Regression,30
2023-07-04,44.0,44.0,,,,0,Linear Regression,30
2023-07-05,39.0,39.0,,,,0,Linear Regression,30
2023-07-06,9.0,9.0,,,,0,Linear Regression,30
2023-07-07,26.0,26.0,,,,0,Linear Regression,30
2023-07-08,25.0,25.0,,,,0,Linear Regression,30
2023-07-09,19.0,19.0,,,,0,Linear Regression,30
2023-07-10,22.0,22.0,,,,0,Linear Regression,30
2023-07-11,21.0,21.0,,,,0,Linear Regression,30
2023-07-12,34.0,34.0,,,,0,Linear Regression,30
2023-07-13,11.0,11.0,,,,0,Linear Regression,30
2023-07-14,28.0,28.0,,,,0,Linear Regression,30
2023-07-15,37.0,37.0,,,,0,Linear Regression,30
2023-07-16,25.0,25.0,,,,0,Linear Regression,30
2023-07-17,17.0,17.0,,,,0,Linear Regression,30
2023-07-18,36.0,36.0,,,,0,Linear Regression,30
2023-07-19,22.0,22.0,,,,0,Linear Regression,30
2023-07-20,22.0,22.0,,,,0,Linear Regression,30
2023-07-21,29.0,29.0,,,,0,Linear Regression,30
2023-07-22,13.0,13.0,,,,0,Linear Regression,30
2023-07-23,18.0,18.0,,,,0,Linear Regression,30
2023-07-24,45.0,45.0,,,,0,Linear Regression,30
2023-07-25,35.0,35.0,,,,0,Linear Regression,30
2023-07-26,22.0,22.0,,,,0,Linear Regression,30
2023-07-27,41.0,41.0,,,,0,Linear Regression,30
2023-07-28,15.0,15.0,,,,0,Linear Regression,30
2023-07-29,27.0,27.0,,,,0,Linear Regression,30
2023-07-30,23.0,23.0,,,,0,Linear Regression,30
2023-07-31,38.0,38.0,,,,0,Linear Regression,30
2023-08-01,37.0,37.0,,,,0,Linear Regression,30
2023-08-02,23.0,23.0,,,,0,Linear Regression,30
2023-08-03,31.0,31.0,,,,0,Linear Regression,30
2023-08-04,22.0,22.0,,,,0,Linear Regression,30
2023-08-05,25.0,25.0,,,,0,Linear Regression,30
2023-08-06,42.0,42.0,,,,0,Linear Regression,30
2023-08-07,31.0,31.0,,,,0,Linear Regression,30
2023-08-08,33.0,33.0,,,,0,Linear Regression,30
2023-08-09,16.0,16.0,,,,0,Linear Regression,30
2023-08-10,22.0,22.0,,,,0,Linear Regression,30
2023-08-11,19.0,19.0,,,,0,Linear Regression,30
2023-08-12,30.0,30.0,,,,0,Linear Regression,30
2023-08-13,33.0,33.0,,,,0,Linear Regression,30
2023-08-14,28.0,28.0,,,,0,Linear Regression,30
2023-08-15,19.0,19.0,,,,0,Linear Regression,30
2023-08-16,25.0,25.0,,,,0,Linear Regression,30
2023-08-17,21.0,21.0,,,,0,Linear Regression,30
2023-08-18,11.0,11.0,,,,0,Linear Regression,30
2023-08-19,21.0,21.0,,,,0,Linear Regression,30
2023-08-20,29.0,29.0,,,,0,Linear Regression,30
2023-08-21,17.0,17.0,,,,0,Linear Regression,30
2023-08-22,40.0,40.0,,,,0,Linear Regression,30
2023-08-23,45.0,45.0,,,,0,Linear Regression,30
2023-08-24,20.0,20.0,,,,0,Linear Regression,30
2023-08-25,18.0,18.0,,,,0,Linear Regression,30
2023-08-26,26.0,26.0,,,,0,Linear Regression,30
2023-08-27,19.0,19.0,,,,0,Linear Regression,30
2023-08-28,31.0,31.0,,,,0,Linear Regression,30
2023-08-29,16.0,16.0,,,,0,Linear Regression,30
2023-08-30,35.0,35.0,,,,0,Linear Regression,30
2023-08-31,46.0,46.0,,,,0,Linear Regression,30
2023-09-01,22.0,22.0,,,,0,Linear Regression,30
2023-09-02,25.0,25.0,,,,0,Linear Regression,30
2023-09-03,17.0,17.0,,,,0,Linear Regression,30
2023-09-04,22.0,22.0,,,,0,Linear Regression,30
2023-09-05,19.0,19.0,,,,0,Linear Regression,30
2023-09-06,24.0,24.0,,,,0,Linear Regression,30
2023-09-07,19.0,19.0,,,,0,Linear Regression,30
2023-09-08,14.0,14.0,,,,0,Linear Regression,30
2023-09-09,12.0,12.0,,,,0,Linear Regression,30
2023-09-10,43.0,43.0,,,,0,Linear Regression,30
2023-09-11,12.0,12.0,,,,0,Linear Regression,30
2023-09-12,17.0,17.0,,,,0,Linear Regression,30
2023-09-13,32.0,32.0,,,,0,Linear Regression,30
2023-09-14,12.0,12.0,,,,0,Linear Regression,30
2023-09-15,17.0,17.0,,,,0,Linear Regression,30
2023-09-16,45.0,45.0,,,,0,Linear Regression,30
2023-09-17,14.0,14.0,,,,0,Linear Regression,30
2023-09-18,11.0,11.0,,,,0,Linear Regression,30
2023-09-19,19.0,19.0,,,,0,Linear Regression,30
2023-09-20,24.0,24.0,,,,0,Linear Regression,30
2023-09-21,38.0,38.0,,,,0,Linear Regression,30
2023-09-22,18.0,18.0,,,,0,Linear Regression,30
2023-09-23,22.0,22.0,,,,0,Linear Regression,30
2023-09-24,26.0,26.0,,,,0,Linear Regression,30
2023-09-25,30.0,30.0,,,,0,Linear Regression,30
2023-09-26,11.0,11.0,,,,0,Linear Regression,30
2023-09-27,15.0,15.0,,,,0,Linear Regression,30
2023-09-28,36.0,36.0,,,,0,Linear Regression,30
2023-09-29,12.0,12.0,,,,0,Linear Regression,30
2023-09-30,10.0,10.0,,,,0,Linear Regression,30
2023-10-01,21.0,21.0,,,,0,Linear Regression,30
2023-10-02,18.0,18.0,,,,0,Linear Regression,30
2023-10-03,23.0,23.0,,,,0,Linear Regression,30
2023-10-04,15.0,15.0,,,,0,Linear Regression,30
2023-10-05,25.0,25.0,,,,0,Linear Regression,30
2023-10-06,12.0,12.0,,,,0,Linear Regression,30
2023-10-07,22.0,22.0,,,,0,Linear Regression,30
2023-10-08,24.0,24.0,,,,0,Linear Regression,30
2023-10-09,39.0,39.0,,,,0,Linear Regression,30
2023-10-10,29.0,29.0,,,,0,Linear Regression,30
2023-10-11,22.0,22.0,,,,0,Linear Regression,30
2023-10-12,7.0,7.0,,,,0,Linear Regression,30
2023-10-13,39.0,39.0,,,,0,Linear Regression,30
2023-10-14,26.0,26.0,,,,0,Linear Regression,30
2023-10-15,19.0,19.0,,,,0,Linear Regression,30
2023-10-16,28.0,28.0,,,,0,Linear Regression,30
2023-10-17,39.0,39.0,,,,0,Linear Regression,30
2023-10-18,22.0,22.0,,,,0,Linear Regression,30
2023-10-19,19.0,19.0,,,,0,Linear Regression,30
2023-10-20,30.0,30.0,,,,0,Linear Regression,30
2023-10-21,24.0,24.0,,,,0,Linear Regression,30
2023-10-22,37.0,37.0,,,,0,Linear Regression,30
2023-10-23,23.0,23.0,,,,0,Linear Regression,30
2023-10-24,27.0,27.0,,,,0,Linear Regression,30
2023-10-25,26.0,26.0,,,,0,Linear Regression,30
2023-10-26,9.0,9.0,,,,0,Linear Regression,30
2023-10-27,13.0,13.0,,,,0,Linear Regression,30
2023-10-28,47.0,47.0,,,,0,Linear Regression,30
2023-10-29,37.0,37.0,,,,0,Linear Regression,30
2023-10-30,29.0,29.0,,,,0,Linear Regression,30
2023-10-31,25.0,25.0,,,,0,Linear Regression,30
2023-11-01,21.0,21.0,,,,0,Linear Regression,30
2023-11-02,35.0,35.0,,,,0,Linear Regression,30
2023-11-03,21.0,21.0,,,,0,Linear Regression,30
2023-11-04,30.0,30.0,,,,0,Linear Regression,30
2023-11-05,26.0,26.0,,,,0,Linear Regression,30
2023-11-06,29.0,29.0,,,,0,Linear Regression,30
2023-11-07,35.0,35.0,,,,0,Linear Regression,30
2023-11-08,23.0,23.0,,,,0,Linear Regression,30
2023-11-09,24.0,24.0,,,,0,Linear Regression,30
2023-11-10,24.0,24.0,,,,0,Linear Regression,30
2023-11-11,35.0,35.0,,,,0,Linear Regression,30
2023-11-12,50.0,50.0,,,,0,Linear Regression,30
2023-11-13,29.0,29.0,,,,0,Linear Regression,30
2023-11-14,25.0,25.0,,,,0,Linear Regression,30
2023-11-15,27.0,27.0,,,,0,Linear Regression,30
2023-11-16,36.0,36.0,,,,0,Linear Regression,30
2023-11-17,23.0,23.0,,,,0,Linear Regression,30
2023-11-18,21.0,21.0,,,,0,Linear Regression,30
2023-11-19,25.0,25.0,,,,0,Linear Regression,30
2023-11-20,26.0,26.0,,,,0,Linear Regression,30
2023-11-21,34.0,34.0,,,,0,Linear Regression,30
2023-11-22,40.0,40.0,,,,0,Linear Regression,30
2023-11-23,32.0,32.0,,,,0,Linear Regression,30
2023-11-24,29.0,29.0,,,,0,Linear Regression,30
2023-11-25,13.0,13.0,,,,0,Linear Regression,30
2023-11-26,17.0,17.0,,,,0,Linear Regression,30
2023-11-27,37.0,37.0,,,,0,Linear Regression,30
2023-11-28,25.0,25.0,,,,0,Linear Regression,30
2023-11-29,18.0,18.0,,,,0,Linear Regression,30
2023-11-30,26.0,26.0,,,,0,Linear Regression,30
2023-12-01,22.0,22.0,,,,0,Linear Regression,30
2023-12-02,18.0,18.0,,,,0,Linear Regression,30
2023-12-03,47.0,47.0,,,,0,Linear Regression,30
2023-12-04,16.0,16.0,,,,0,Linear Regression,30
2023-12-05,10.0,10.0,,,,0,Linear Regression,30
2023-12-06,19.0,19.0,,,,0,Linear Regression,30
2023-12-07,29.0,29.0,,,,0,Linear Regression,30
2023-12-08,45.0,45.0,,,,0,Linear Regression,30
2023-12-09,44.0,44.0,,,,0,Linear Regression,30
2023-12-10,27.0,27.0,,,,0,Linear Regression,30
2023-12-11,27.0,27.0,,,,0,Linear Regression,30
2023-12-12,30.0,30.0,,,,0,Linear Regression,30
2023-12-13,31.0,31.0,,,,0,Linear Regression,30
2023-12-14,14.0,14.0,,,,0,Linear Regression,30
2023-12-15,37.0,37.0,,,,0,Linear Regression,30
2023-12-16,28.0,28.0,,,,0,Linear Regression,30
2023-12-17,28.0,28.0,,,,0,Linear Regression,30
2023-12-18,34.0,34.0,,,,0,Linear Regression,30
2023-12-19,19.0,19.0,,,,0,Linear Regression,30
2023-12-20,26.0,26.0,,,,0,Linear Regression,30
2023-12-21,40.0,40.0,,,,0,Linear Regression,30
2023-12-22,32.0,32.0,,,,0,Linear Regression,30
2023-12-23,42.0,42.0,,,,0,Linear Regression,30
2023-12-24,13.0,13.0,,,,0,Linear Regression,30
2023-12-25,51.0,51.0,,,,0,Linear Regression,30
2023-12-26,17.0,17.0,,,,0,Linear Regression,30
2023-12-27,25.0,25.0,,,,0,Linear Regression,30
2023-12-28,6.0,6.0,,,,0,Linear Regression,30
2023-12-29,31.0,31.0,,,,0,Linear Regression,30
2023-12-30,27.0,27.0,,,,0,Linear Regression,30
2023-12-31,30.0,30.0,,,,0,Linear Regression,30
2024-01-01,15.0,15.0,,,,0,Linear Regression,30
2024-01-02,35.0,35.0,,,,0,Linear Regression,30
2024-01-03,10.0,10.0,,,,0,Linear Regression,30
2024-01-04,18.0,18.0,,,,0,Linear Regression,30
2024-01-05,32.0,32.0,,,,0,Linear Regression,30
2024-01-06,32.0,32.0,,,,0,Linear Regression,30
2024-01-07,21.0,21.0,,,,0,Linear Regression,30
2024-01-08,11.0,11.0,,,,0,Linear Regression,30
2024-01-09,23.0,23.0,,,,0,Linear Regression,30
2024-01-10,13.0,13.0,,,,0,Linear Regression,30
2024-01-11,23.0,23.0,,,,0,Linear Regression,30
2024-01-12,27.0,27.0,,,,0,Linear Regression,30
2024-01-13,13.0,13.0,,,,0,Linear Regression,30
2024-01-14,9.0,9.0,,,,0,Linear Regression,30
2024-01-15,13.0,13.0,,,,0,Linear Regression,30
2024-01-16,9.0,9.0,,,,0,Linear Regression,30
2024-01-17,26.0,26.0,,,,0,Linear Regression,30
2024-01-18,18.0,18.0,,,,0,Linear Regression,30
2024-01-19,14.0,14.0,,,,0,Linear Regression,30
2024-01-20,35.0,35.0,,,,0,Linear Regression,30
2024-01-21,33.0,33.0,,,,0,Linear Regression,30
2024-01-22,10.0,10.0,,,,0,Linear Regression,30
2024-01-23,26.0,26.0,,,,0,Linear Regression,30
2024-01-24,13.0,13.0,,,,0,Linear Regression,30
2024-01-25,16.0,16.0,,,,0,Linear Regression,30
2024-01-26,9.0,9.0,,,,0,Linear Regression,30
2024-01-27,12.0,12.0,,,,0,Linear Regression,30
2024-01-28,16.0,16.0,,,,0,Linear Regression,30
2024-01-29,7.0,7.0,,,,0,Linear Regression,30
2024-01-30,21.0,21.0,,,,0,Linear Regression,30
2024-01-31,19.0,19.0,,,,0,Linear Regression,30
2024-02-01,15.0,15.0,,,,0,Linear Regression,30
2024-02-02,19.0,19.0,,,,0,Linear Regression,30
2024-02-03,33.0,33.0,,,,0,Linear Regression,30
2024-02-04,16.0,16.0,,,,0,Linear Regression,30
2024-02-05,17.0,17.0,,,,0,Linear Regression,30
2024-02-06,29.0,29.0,,,,0,Linear Regression,30
2024-02-07,18.0,18.0,,,,0,Linear Regression,30
2024-02-08,13.0,13.0,,,,0,Linear Regression,30
2024-02-09,4.0,4.0,,,,0,Linear Regression,30
2024-02-10,17.0,17.0,,,,0,Linear Regression,30
2024-02-11,22.0,22.0,,,,0,Linear Regression,30
2024-02-12,30.0,30.0,,,,0,Linear Regression,30
2024-02-13,15.0,15.0,,,,0,Linear Regression,30
2024-02-14,10.0,10.0,,,,0,Linear Regression,30
2024-02-15,15.0,15.0,,,,0,Linear Regression,30
2024-02-16,12.0,12.0,,,,0,Linear Regression,30
2024-02-17,12.0,12.0,,,,0,Linear Regression,30
2024-02-18,18.0,18.0,,,,0,Linear Regression,30
2024-02-19,17.0,17.0,,,,0,Linear Regression,30
2024-02-20,10.0,10.0,,,,0,Linear Regression,30
2024-02-21,26.0,26.0,,,,0,Linear Regression,30
2024-02-22,22.0,22.0,,,,0,Linear Regression,30
2024-02-23,21.0,21.0,,,,0,Linear Regression,30
2024-02-24,16.0,16.0,,,,0,Linear Regression,30
2024-02-25,7.0,7.0,,,,0,Linear Regression,30
2024-02-26,14.0,14.0,,,,0,Linear Regression,30
2024-02-27,23.0,23.0,,,,0,Linear Regression,30
2024-02-28,13.0,13.0,,,,0,Linear Regression,30
2024-02-29,8.0,8.0,,,,0,Linear Regression,30
2024-03-01,19.0,19.0,,,,0,Linear Regression,30
2024-03-02,20.0,20.0,,,,0,Linear Regression,30
2024-03-03,26.0,26.0,,,,0,Linear Regression,30
2024-03-04,28.0,28.0,,,,0,Linear Regression,30
2024-03-05,29.0,29.0,,,,0,Linear Regression,30
2024-03-06,25.0,25.0,,,,0,Linear Regression,30
2024-03-07,18.0,18.0,,,,0,Linear Regression,30
2024-03-08,11.0,11.0,,,,0,Linear Regression,30
2024-03-09,11.0,11.0,,,,0,Linear Regression,30
2024-03-10,20.0,20.0,,,,0,Linear Regression,30
2024-03-11,11.0,11.0,,,,0,Linear Regression,30
2024-03-12,20.0,20.0,,,,0,Linear Regression,30
2024-03-13,33.0,33.0,,,,0,Linear Regression,30
2024-03-14,17.0,17.0,,,,0,Linear Regression,30
2024-03-15,15.0,15.0,,,,0,Linear Regression,30
2024-03-16,15.0,15.0,,,,0,Linear Regression,30
2024-03-17,26.0,26.0,,,,0,Linear Regression,30
2024-03-18,15.0,15.0,,,,0,Linear Regression,30
2024-03-19,24.0,24.0,,,,0,Linear Regression,30
2024-03-20,12.0,12.0,,,,0,Linear Regression,30
2024-03-21,21.0,21.0,,,,0,Linear Regression,30
2024-03-22,25.0,25.0,,,,0,Linear Regression,30
2024-03-23,8.0,8.0,,,,0,Linear Regression,30
2024-03-24,21.0,21.0,,,,0,Linear Regression,30
2024-03-25,22.0,22.0,,,,0,Linear Regression,30
2024-03-26,15.0,15.0,,,,0,Linear Regression,30
2024-03-27,37.0,37.0,,,,0,Linear Regression,30
2024-03-28,18.0,18.0,,,,0,Linear Regression,30
2024-03-29,8.0,8.0,,,,0,Linear Regression,30
2024-03-30,20.0,20.0,,,,0,Linear Regression,30
2024-03-31,36.0,36.0,,,,0,Linear Regression,30
2024-04-01,37.0,37.0,,,,0,Linear Regression,30
2024-04-02,14.0,14.0,,,,0,Linear Regression,30
2024-04-03,7.0,7.0,,,,0,Linear Regression,30
2024-04-04,46.0,46.0,,,,0,Linear Regression,30
2024-04-05,21.0,21.0,,,,0,Linear Regression,30
2024-04-06,16.0,16.0,,,,0,Linear Regression,30
2024-04-07,12.0,12.0,,,,0,Linear Regression,30
2024-04-08,14.0,14.0,,,,0,Linear Regression,30
2024-04-09,19.0,19.0,,,,0,Linear Regression,30
2024-04-10,21.0,21.0,,,,0,Linear Regression,30
2024-04-11,28.0,28.0,,,,0,Linear Regression,30
2024-04-12,14.0,14.0,,,,0,Linear Regression,30
2024-04-13,24.0,24.0,,,,0,Linear Regression,30
2024-04-14,19.0,19.0,,,,0,Linear Regression,30
2024-04-15,28.0,28.0,,,,0,Linear Regression,30
2024-04-16,22.0,22.0,,,,0,Linear Regression,30
2024-04-17,22.0,22.0,,,,0,Linear Regression,30
2024-04-18,28.0,28.0,,,,0,Linear Regression,30
2024-04-19,23.0,23.0,,,,0,Linear Regression,30
2024-04-20,22.0,22.0,,,,0,Linear Regression,30
2024-04-21,22.0,22.0,,,,0,Linear Regression,30
2024-04-22,18.0,18.0,,,,0,Linear Regression,30
2024-04-23,19.0,19.0,,,,0,Linear Regression,30
2024-04-24,17.0,17.0,,,,0,Linear Regression,30
2024-04-25,41.0,41.0,,,,0,Linear Regression,30
2024-04-26,29.0,29.0,,,,0,Linear Regression,30
2024-04-27,15.0,15.0,,,,0,Linear Regression,30
2024-04-28,29.0,29.0,,,,0,Linear Regression,30
2024-04-29,32.0,32.0,,,,0,Linear Regression,30
2024-04-30,9.0,9.0,,,,0,Linear Regression,30
2024-05-01,15.0,15.0,,,,0,Linear Regression,30
2024-05-02,23.0,23.0,,,,0,Linear Regression,30
2024-05-03,14.0,14.0,,,,0,Linear Regression,30
2024-05-04,15.0,15.0,,,,0,Linear Regression,30
2024-05-05,24.0,24.0,,,,0,Linear Regression,30
2024-05-06,6.0,6.0,,,,0,Linear Regression,30
2024-05-07,28.0,28.0,,,,0,Linear Regression,30
2024-05-08,21.0,21.0,,,,0,Linear Regression,30
2024-05-09,2.0,2.0,,,,0,Linear Regression,30
2024-05-10,14.0,14.0,,,,0,Linear Regression,30
2024-05-11,25.0,25.0,,,,0,Linear Regression,30
2024-05-12,8.0,8.0,,,,0,Linear Regression,30
2024-05-13,8.0,8.0,,,,0,Linear Regression,30
2024-05-14,19.0,19.0,,,,0,Linear Regression,30
2024-05-15,14.0,14.0,,,,0,Linear Regression,30
2024-05-16,27.0,27.0,,,,0,Linear Regression,30
2024-05-17,22.0,22.0,,,,0,Linear Regression,30
2024-05-18,33.0,33.0,,,,0,Linear Regression,30
2024-05-19,23.0,23.0,,,,0,Linear Regression,30
2024-05-20,15.0,15.0,,,,0,Linear Regression,30
2024-05-21,17.0,17.0,,,,0,Linear Regression,30
2024-05-22,17.0,17.0,,,,0,Linear Regression,30
2024-05-23,28.0,28.0,,,,0,Linear Regression,30
2024-05-24,39.0,39.0,,,,0,Linear Regression,30
2024-05-25,22.0,22.0,,,,0,Linear Regression,30
2024-05-26,41.0,41.0,,,,0,Linear Regression,30
2024-05-27,28.0,28.0,,,,0,Linear Regression,30
2024-05-28,26.0,26.0,,,,0,Linear Regression,30
2024-05-29,24.0,24.0,,,,0,Linear Regression,30
2024-05-30,11.0,11.0,,,,0,Linear Regression,30
2024-05-31,8.0,8.0,,,,0,Linear Regression,30
2024-06-01,12.0,12.0,,,,0,Linear Regression,30
2024-06-02,25.0,25.0,,,,0,Linear Regression,30
2024-06-03,30.0,30.0,,,,0,Linear Regression,30
2024-06-04,12.0,12.0,,,,0,Linear Regression,30
2024-06-05,22.0,22.0,,,,0,Linear Regression,30
2024-06-06,23.0,23.0,,,,0,Linear Regression,30
2024-06-07,24.0,24.0,,,,0,Linear Regression,30
2024-06-08,11.0,11.0,,,,0,Linear Regression,30
2024-06-09,7.0,7.0,,,,0,Linear Regression,30
2024-06-10,23.0,23.0,,,,0,Linear Regression,30
2024-06-11,11.0,11.0,,,,0,Linear Regression,30
2024-06-12,16.0,16.0,,,,0,Linear Regression,30
2024-06-13,20.0,20.0,,,,0,Linear Regression,30
2024-06-14,16.0,16.0,,,,0,Linear Regression,30
2024-06-15,26.0,26.0,,,,0,Linear Regression,30
2024-06-16,13.0,13.0,,,,0,Linear Regression,30
2024-06-17,19.0,19.0,,,,0,Linear Regression,30
2024-06-18,42.0,42.0,,,,0,Linear Regression,30
2024-06-19,13.0,13.0,,,,0,Linear Regression,30
2024-06-20,10.0,10.0,,,,0,Linear Regression,30
2024-06-21,21.0,21.0,,,,0,Linear Regression,30
2024-06-22,21.0,21.0,,,,0,Linear Regression,30
2024-06-23,37.0,37.0,,,,0,Linear Regression,30
2024-06-24,15.0,15.0,,,,0,Linear Regression,30
2024-06-25,14.0,14.0,,,,0,Linear Regression,30
2024-06-26,26.0,26.0,,,,0,Linear Regression,30
2024-06-27,30.0,30.0,,,,0,Linear Regression,30
2024-06-28,21.0,21.0,,,,0,Linear Regression,30
2024-06-29,21.0,21.0,,,,0,Linear Regression,30
2024-06-30,15.0,15.0,,,,0,Linear Regression,30
2024-07-01,15.0,15.0,,,,0,Linear Regression,30
2024-07-02,19.0,19.0,,,,0,Linear Regression,30
2024-07-03,26.0,26.0,,,,0,Linear Regression,30
2024-07-04,24.0,24.0,,,,0,Linear Regression,30
2024-07-05,32.0,32.0,,,,0,Linear Regression,30
2024-07-06,32.0,32.0,,,,0,Linear Regression,30
2024-07-07,29.0,29.0,,,,0,Linear Regression,30
2024-07-08,20.0,20.0,,,,0,Linear Regression,30
2024-07-09,15.0,15.0,,,,0,Linear Regression,30
2024-07-10,38.0,38.0,,,,0,Linear Regression,30
2024-07-11,14.0,14.0,,,,0,Linear Regression,30
2024-07-12,26.0,26.0,,,,0,Linear Regression,30
2024-07-13,20.0,20.0,,,,0,Linear Regression,30
2024-07-14,39.0,39.0,,,,0,Linear Regression,30
2024-07-15,24.0,24.0,,,,0,Linear Regression,30
2024-07-16,28.0,28.0,,,,0,Linear Regression,30
2024-07-17,35.0,35.0,,,,0,Linear Regression,30
2024-07-18,10.0,10.0,,,,0,Linear Regression,30
2024-07-19,54.0,54.0,,,,0,Linear Regression,30
2024-07-20,20.0,20.0,,,,0,Linear Regression,30
2024-07-21,34.0,34.0,,,,0,Linear Regression,30
2024-07-22,24.0,24.0,,,,0,Linear Regression,30
2024-07-23,27.0,27.0,,,,0,Linear Regression,30
2024-07-24,29.0,29.0,,,,0,Linear Regression,30
2024-07-25,12.0,12.0,,,,0,Linear Regression,30
2024-07-26,35.0,35.0,,,,0,Linear Regression,30
2024-07-27,17.0,17.0,,,,0,Linear Regression,30
2024-07-28,12.0,12.0,,,,0,Linear Regression,30
2024-07-29,18.0,18.0,,,,0,Linear Regression,30
2024-07-30,15.0,15.0,,,,0,Linear Regression,30
2024-07-31,14.0,14.0,,,,0,Linear Regression,30
2024-08-01,21.0,21.0,,,,0,Linear Regression,30
2024-08-02,31.0,31.0,,,,0,Linear Regression,30
2024-08-03,33.0,33.0,,,,0,Linear Regression,30
2024-08-04,26.0,26.0,,,,0,Linear Regression,30
2024-08-05,42.0,42.0,,,,0,Linear Regression,30
2024-08-06,23.0,23.0,,,,0,Linear Regression,30
2024-08-07,11.0,11.0,,,,0,Linear Regression,30
2024-08-08,15.0,15.0,,,,0,Linear Regression,30
2024-08-09,8.0,8.0,,,,0,Linear Regression,30
2024-08-10,49.0,49.0,,,,0,Linear Regression,30
2024-08-11,20.0,20.0,,,,0,Linear Regression,30
2024-08-12,42.0,42.0,,,,0,Linear Regression,30
2024-08-13,24.0,24.0,,,,0,Linear Regression,30
2024-08-14,37.0,37.0,,,,0,Linear Regression,30
2024-08-15,28.0,28.0,,,,0,Linear Regression,30
2024-08-16,21.0,21.0,,,,0,Linear Regression,30
2024-08-17,12.0,12.0,,,,0,Linear Regression,30
2024-08-18,20.0,20.0,,,,0,Linear Regression,30
2024-08-19,19.0,19.0,,,,0,Linear Regression,30
2024-08-20,21.0,21.0,,,,0,Linear Regression,30
2024-08-21,24.0,24.0,,,,0,Linear Regression,30
2024-08-22,17.0,17.0,,,,0,Linear Regression,30
2024-08-23,43.0,43.0,,,,0,Linear Regression,30
2024-08-24,8.0,8.0,,,,0,Linear Regression,30
2024-08-25,39.0,39.0,,,,0,Linear Regression,30
2024-08-26,24.0,24.0,,,,0,Linear Regression,30
2024-08-27,35.0,35.0,,,,0,Linear Regression,30
2024-08-28,41.0,41.0,,,,0,Linear Regression,30
2024-08-29,14.0,14.0,,,,0,Linear Regression,30
2024-08-30,36.0,36.0,,,,0,Linear Regression,30
2024-08-31,13.0,13.0,,,,0,Linear Regression,30
2024-09-01,16.0,16.0,,,,0,Linear Regression,30
2024-09-02,16.0,16.0,,,,0,Linear Regression,30
2024-09-03,22.0,22.0,,,,0,Linear Regression,30
2024-09-04,26.0,26.0,,,,0,Linear Regression,30
2024-09-05,26.0,26.0,,,,0,Linear Regression,30
2024-09-06,60.0,60.0,,,,0,Linear Regression,30
2024-09-07,20.0,20.0,,,,0,Linear Regression,30
2024-09-08,20.0,20.0,,,,0,Linear Regression,30
2024-09-09,21.0,21.0,,,,0,Linear Regression,30
2024-09-10,20.0,20.0,,,,0,Linear Regression,30
2024-09-11,24.0,24.0,,,,0,Linear Regression,30
2024-09-12,27.0,27.0,,,,0,Linear Regression,30
2024-09-13,20.0,20.0,,,,0,Linear Regression,30
2024-09-14,12.0,12.0,,,,0,Linear Regression,30
2024-09-15,44.0,44.0,,,,0,Linear Regression,30
2024-09-16,15.0,15.0,,,,0,Linear Regression,30
2024-09-17,19.0,19.0,,,,0,Linear Regression,30
2024-09-18,23.0,23.0,,,,0,Linear Regression,30
2024-09-19,15.0,15.0,,,,0,Linear Regression,30
2024-09-20,17.0,17.0,,,,0,Linear Regression,30
2024-09-21,15.0,15.0,,,,0,Linear Regression,30
2024-09-22,9.0,9.0,,,,0,Linear Regression,30
2024-09-23,18.0,18.0,,,,0,Linear Regression,30
2024-09-24,25.0,25.0,,,,0,Linear Regression,30
2024-09-25,15.0,15.0,,,,0,Linear Regression,30
2024-09-26,22.0,22.0,,,,0,Linear Regression,30
2024-09-27,35.0,35.0,,,,0,Linear Regression,30
2024-09-28,22.0,22.0,,,,0,Linear Regression,30
2024-09-29,14.0,14.0,,,,0,Linear Regression,30
2024-09-30,20.0,20.0,,,,0,Linear Regression,30
2024-10-01,24.0,24.0,,,,0,Linear Regression,30
2024-10-02,28.0,28.0,,,,0,Linear Regression,30
2024-10-03,18.0,18.0,,,,0,Linear Regression,30
2024-10-04,37.0,37.0,,,,0,Linear Regression,30
2024-10-05,32.0,32.0,,,,0,Linear Regression,30
2024-10-06,18.0,18.0,,,,0,Linear Regression,30
2024-10-07,20.0,20.0,,,,0,Linear Regression,30
2024-10-08,11.0,11.0,,,,0,Linear Regression,30
2024-10-09,22.0,22.0,,,,0,Linear Regression,30
2024-10-10,28.0,28.0,,,,0,Linear Regression,30
2024-10-11,18.0,18.0,,,,0,Linear Regression,30
2024-10-12,25.0,25.0,,,,0,Linear Regression,30
2024-10-13,22.0,22.0,,,,0,Linear Regression,30
2024-10-14,17.0,17.0,,,,0,Linear Regression,30
2024-10-15,18.0,18.0,,,,0,Linear Regression,30
2024-10-16,12.0,12.0,,,,0,Linear Regression,30
2024-10-17,21.0,21.0,,,,0,Linear Regression,30
2024-10-18,29.0,29.0,,,,0,Linear Regression,30
2024-10-19,19.0,19.0,,,,0,Linear Regression,30
2024-10-20,16.0,16.0,,,,0,Linear Regression,30
2024-10-21,19.0,19.0,,,,0,Linear Regression,30
2024-10-22,11.0,11.0,,,,0,Linear Regression,30
2024-10-23,6.0,6.0,,,,0,Linear Regression,30
2024-10-24,27.0,27.0,,,,0,Linear Regression,30
2024-10-25,19.0,19.0,,,,0,Linear Regression,30
2024-10-26,24.0,24.0,,,,0,Linear Regression,30
2024-10-27,11.0,11.0,,,,0,Linear Regression,30
2024-10-28,16.0,16.0,,,,0,Linear Regression,30
2024-10-29,25.0,25.0,,,,0,Linear Regression,30
2024-10-30,40.0,40.0,,,,0,Linear Regression,30
2024-10-31,12.0,12.0,,,,0,Linear Regression,30
2024-11-01,29.0,29.0,,,,0,Linear Regression,30
2024-11-02,35.0,35.0,,,,0,Linear Regression,30
2024-11-03,20.0,20.0,,,,0,Linear Regression,30
2024-11-04,24.0,24.0,,,,0,Linear Regression,30
2024-11-05,27.0,27.0,,,,0,Linear Regression,30
2024-11-06,17.0,17.0,,,,0,Linear Regression,30
2024-11-07,28.0,28.0,,,,0,Linear Regression,30
2024-11-08,22.0,22.0,,,,0,Linear Regression,30
2024-11-09,53.0,53.0,,,,0,Linear Regression,30
2024-11-10,56.0,56.0,,,,0,Linear Regression,30
2024-11-11,26.0,26.0,,,,0,Linear Regression,30
2024-11-12,34.0,34.0,,,,0,Linear Regression,30
2024-11-13,29.0,29.0,,,,0,Linear Regression,30
2024-11-14,33.0,33.0,,,,0,Linear Regression,30
2024-11-15,25.0,25.0,,,,0,Linear Regression,30
2024-11-16,35.0,35.0,,,,0,Linear Regression,30
2024-11-17,23.0,23.0,,,,0,Linear Regression,30
2024-11-18,23.0,23.0,,,,0,Linear Regression,30
2024-11-19,12.0,12.0,,,,0,Linear Regression,30
2024-11-20,26.0,26.0,,,,0,Linear Regression,30
2024-11-21,32.0,32.0,,,,0,Linear Regression,30
2024-11-22,45.0,45.0,,,,0,Linear Regression,30
2024-11-23,24.0,24.0,,,,0,Linear Regression,30
2024-11-24,21.0,21.0,,,,0,Linear Regression,30
2024-11-25,18.0,18.0,,,,0,Linear Regression,30
2024-11-26,39.0,39.0,,,,0,Linear Regression,30
2024-11-27,59.0,59.0,,,,0,Linear Regression,30
2024-11-28,18.0,18.0,,,,0,Linear Regression,30
2024-11-29,22.0,22.0,,,,0,Linear Regression,30
2024-11-30,58.0,58.0,,,,0,Linear Regression,30
2024-12-01,21.0,21.0,,,,0,Linear Regression,30
2024-12-02,31.0,31.0,,,,0,Linear Regression,30
2024-12-03,22.0,22.0,,,,0,Linear Regression,30
2024-12-04,29.0,29.0,,,,0,Linear Regression,30
2024-12-05,35.0,35.0,,,,0,Linear Regression,30
2024-12-06,29.0,29.0,,,,0,Linear Regression,30
2024-12-07,26.0,26.0,,,,0,Linear Regression,30
2024-12-08,15.0,15.0,,,,0,Linear Regression,30
2024-12-09,10.0,10.0,,,,0,Linear Regression,30
2024-12-10,15.0,15.0,,,,0,Linear Regression,30
2024-12-11,24.0,24.0,,,,0,Linear Regression,30
2024-12-12,23.0,23.0,,,,0,Linear Regression,30
2024-12-13,36.0,36.0,,,,0,Linear Regression,30
2024-12-14,16.0,16.0,,,,0,Linear Regression,30
2024-12-15,38.0,38.0,,,,0,Linear Regression,30
2024-12-16,11.0,11.0,,,,0,Linear Regression,30
2024-12-17,32.0,32.0,,,,0,Linear Regression,30
2024-12-18,10.0,10.0,,,,0,Linear Regression,30
2024-12-19,27.0,27.0,,,,0,Linear Regression,30
2024-12-20,33.0,33.0,,,,0,Linear Regression,30
2024-12-21,16.0,16.0,,,,0,Linear Regression,30
2024-12-22,24.0,24.0,,,,0,Linear Regression,30
2024-12-23,21.0,21.0,,,,0,Linear Regression,30
2024-12-24,25.0,25.0,,,,0,Linear Regression,30
2024-12-25,37.0,37.0,,,,0,Linear Regression,30
2024-12-26,20.0,20.0,,,,0,Linear Regression,30
2024-12-27,20.0,20.0,,,,0,Linear Regression,30
2024-12-28,10.0,10.0,,,,0,Linear Regression,30
2024-12-29,27.0,27.0,,,,0,Linear Regression,30
2024-12-30,14.0,14.0,,,,0,Linear Regression,30
2024-12-31,36.0,36.0,,,,0,Linear Regression,30
2025-01-01,17.0,17.0,,,,0,Linear Regression,30
2025-01-02,17.0,17.0,,,,0,Linear Regression,30
2025-01-03,9.0,9.0,,,,0,Linear Regression,30
2025-01-04,31.0,31.0,,,,0,Linear Regression,30
2025-01-05,20.0,20.0,,,,0,Linear Regression,30
2025-01-06,7.0,7.0,,,,0,Linear Regression,30
2025-01-07,18.0,18.0,,,,0,Linear Regression,30
2025-01-08,13.0,13.0,,,,0,Linear Regression,30
2025-01-09,15.0,15.0,,,,0,Linear Regression,30
2025-01-10,38.0,38.0,,,,0,Linear Regression,30
2025-01-11,13.0,13.0,,,,0,Linear Regression,30
2025-01-12,9.0,9.0,,,,0,Linear Regression,30
2025-01-13,8.0,8.0,,,,0,Linear Regression,30
2025-01-14,18.0,18.0,,,,0,Linear Regression,30
2025-01-15,19.0,19.0,,,,0,Linear Regression,30
2025-01-16,17.0,17.0,,,,0,Linear Regression,30
2025-01-17,9.0,9.0,,,,0,Linear Regression,30
2025-01-18,4.0,4.0,,,,0,Linear Regression,30
2025-01-19,14.0,14.0,,,,0,Linear Regression,30
2025-01-20,26.0,26.0,,,,0,Linear Regression,30
2025-01-21,14.0,14.0,,,,0,Linear Regression,30
2025-01-22,14.0,14.0,,,,0,Linear Regression,30
2025-01-23,26.0,26.0,,,,0,Linear Regression,30
2025-01-24,10.0,10.0,,,,0,Linear Regression,30
2025-01-25,38.0,38.0,,,,0,Linear Regression,30
2025-01-26,9.0,9.0,,,,0,Linear Regression,30
2025-01-27,17.0,17.0,,,,0,Linear Regression,30
2025-01-28,17.0,17.0,,,,0,Linear Regression,30
2025-01-29,33.0,33.0,,,,0,Linear Regression,30
2025-01-30,13.0,13.0,,,,0,Linear Regression,30
2025-01-31,21.0,21.0,,,,0,Linear Regression,30
2025-02-01,7.0,7.0,,,,0,Linear Regression,30
2025-02-02,24.0,24.0,,,,0,Linear Regression,30
2025-02-03,33.0,33.0,,,,0,Linear Regression,30
2025-02-04,12.0,12.0,,,,0,Linear Regression,30
2025-02-05,26.0,26.0,,,,0,Linear Regression,30
2025-02-06,18.0,18.0,,,,0,Linear Regression,30
2025-02-07,18.0,18.0,,,,0,Linear Regression,30
2025-02-08,11.0,11.0,,,,0,Linear Regression,30
2025-02-09,13.0,13.0,,,,0,Linear Regression,30
2025-02-10,18.0,18.0,,,,0,Linear Regression,30
2025-02-11,22.0,22.0,,,,0,Linear Regression,30
2025-02-12,18.0,18.0,,,,0,Linear Regression,30
2025-02-13,9.0,9.0,,,,0,Linear Regression,30
2025-02-14,16.0,16.0,,,,0,Linear Regression,30
2025-02-15,31.0,31.0,,,,0,Linear Regression,30
2025-02-16,7.0,7.0,,,,0,Linear Regression,30
2025-02-17,25.0,25.0,,,,0,Linear Regression,30
2025-02-18,17.0,17.0,,,,0,Linear Regression,30
2025-02-19,25.0,25.0,,,,0,Linear Regression,30
2025-02-20,28.0,28.0,,,,0,Linear Regression,30
2025-02-21,21.0,21.0,,,,0,Linear Regression,30
2025-02-22,13.0,13.0,,,,0,Linear Regression,30
2025-02-23,15.0,15.0,,,,0,Linear Regression,30
2025-02-24,19.0,19.0,,,,0,Linear Regression,30
2025-02-25,20.0,20.0,,,,0,Linear Regression,30
2025-02-26,17.0,17.0,,,,0,Linear Regression,30
2025-02-27,18.0,18.0,,,,0,Linear Regression,30
2025-02-28,18.0,18.0,,,,0,Linear Regression,30
2025-03-01,11.0,11.0,,,,0,Linear Regression,30
2025-03-02,17.0,17.0,,,,0,Linear Regression,30
2025-03-03,26.0,26.0,,,,0,Linear Regression,30
2025-03-04,30.0,30.0,,,,0,Linear Regression,30
2025-03-05,21.0,21.0,,,,0,Linear Regression,30
2025-03-06,22.0,22.0,,,,0,Linear Regression,30
2025-03-07,11.0,11.0,,,,0,Linear Regression,30
2025-03-08,21.0,21.0,,,,0,Linear Regression,30
2025-03-09,18.0,18.0,,,,0,Linear Regression,30
2025-03-10,20.0,20.0,,,,0,Linear Regression,30
2025-03-11,31.0,31.0,,,,0,Linear Regression,30
2025-03-12,19.0,19.0,,,,0,Linear Regression,30
2025-03-13,15.0,15.0,,,,0,Linear Regression,30
2025-03-14,17.0,17.0,,,,0,Linear Regression,30
2025-03-15,24.0,24.0,,,,0,Linear Regression,30
2025-03-16,33.0,33.0,,,,0,Linear Regression,30
2025-03-17,20.0,20.0,,,,0,Linear Regression,30
2025-03-18,27.0,27.0,,,,0,Linear Regression,30
2025-03-19,30.0,30.0,,,,0,Linear Regression,30
2025-03-20,22.0,22.0,,,,0,Linear Regression,30
2025-03-21,48.0,48.0,,,,0,Linear Regression,30
2025-03-22,26.0,26.0,,,,0,Linear Regression,30
2025-03-23,20.0,20.0,,,,0,Linear Regression,30
2025-03-24,37.0,37.0,,,,0,Linear Regression,30
2025-03-25,24.0,24.0,,,,0,Linear Regression,30
2025-03-26,29.0,29.0,,,,0,Linear Regression,30
2025-03-27,13.0,13.0,,,,0,Linear Regression,30
2025-03-28,25.0,25.0,,,,0,Linear Regression,30
2025-03-29,27.0,27.0,,,,0,Linear Regression,30
2025-03-30,15.0,15.0,,,,0,Linear Regression,30
2025-03-31,33.0,33.0,,,,0,Linear Regression,30
2025-04-01,25.0,25.0,,,,0,Linear Regression,30
2025-04-02,31.0,31.0,,,,0,Linear Regression,30
2025-04-03,43.0,43.0,,,,0,Linear Regression,30
2025-04-04,15.0,15.0,,,,0,Linear Regression,30
2025-04-05,25.0,25.0,,,,0,Linear Regression,30
2025-04-06,17.0,17.0,,,,0,Linear Regression,30
2025-04-07,35.0,35.0,,,,0,Linear Regression,30
2025-04-08,27.0,27.0,,,,0,Linear Regression,30
2025-04-09,19.0,19.0,,,,0,Linear Regression,30
2025-04-10,20.0,20.0,,,,0,Linear Regression,30
2025-04-11,19.0,19.0,,,,0,Linear Regression,30
2025-04-12,27.0,27.0,,,,0,Linear Regression,30
2025-04-13,17.0,17.0,,,,0,Linear Regression,30
2025-04-14,36.0,36.0,,,,0,Linear Regression,30
2025-04-15,25.0,25.0,,,,0,Linear Regression,30
2025-04-16,24.0,24.0,,,,0,Linear Regression,30
2025-04-17,19.0,19.0,,,,0,Linear Regression,30
2025-04-18,12.0,12.0,,,,0,Linear Regression,30
2025-04-19,36.0,36.0,,,,0,Linear Regression,30
2025-04-20,18.0,18.0,,,,0,Linear Regression,30
2025-04-21,56.0,56.0,,,,0,Linear Regression,30
2025-04-22,20.0,20.0,,,,0,Linear Regression,30
2025-04-23,33.0,33.0,,,,0,Linear Regression,30
2025-04-24,24.0,24.0,,,,0,Linear Regression,30
2025-04-25,10.0,10.0,,,,0,Linear Regression,30
2025-04-26,21.0,21.0,,,,0,Linear Regression,30
2025-04-27,39.0,39.0,,,,0,Linear Regression,30
2025-04-28,7.0,7.0,,,,0,Linear Regression,30
2025-04-29,32.0,32.0,,,,0,Linear Regression,30
2025-04-30,17.0,17.0,,,,0,Linear Regression,30
2025-05-01,14.0,14.0,,,,0,Linear Regression,30
2025-05-02,23.0,23.0,,,,0,Linear Regression,30
2025-05-03,19.0,19.0,,,,0,Linear Regression,30
2025-05-04,13.0,13.0,,,,0,Linear Regression,30
2025-05-05,23.0,23.0,,,,0,Linear Regression,30
2025-05-06,23.0,23.0,,,,0,Linear Regression,30
2025-05-07,20.0,20.0,,,,0,Linear Regression,30
2025-05-08,31.0,31.0,,,,0,Linear Regression,30
2025-05-09,20.0,20.0,,,,0,Linear Regression,30
2025-05-10,15.0,15.0,,,,0,Linear Regression,30
2025-05-11,5.0,5.0,,,,0,Linear Regression,30
2025-05-12,18.0,18.0,,,,0,Linear Regression,30
2025-05-13,23.0,23.0,,,,0,Linear Regression,30
2025-05-14,33.0,33.0,,,,0,Linear Regression,30
2025-05-15,10.0,10.0,,,,0,Linear Regression,30
2025-05-16,16.0,16.0,,,,0,Linear Regression,30
2025-05-17,36.0,36.0,,,,0,Linear Regression,30
2025-05-18,24.0,24.0,,,,0,Linear Regression,30
2025-05-19,5.0,5.0,,,,0,Linear Regression,30
2025-05-20,43.0,43.0,,,,0,Linear Regression,30
2025-05-21,17.0,17.0,,,,0,Linear Regression,30
2025-05-22,13.0,13.0,,,,0,Linear Regression,30
2025-05-23,25.0,25.0,,,,0,Linear Regression,30
2025-05-24,25.0,25.0,,,,0,Linear Regression,30
2025-05-25,24.0,24.0,,,,0,Linear Regression,30
2025-05-26,26.0,26.0,,,,0,Linear Regression,30
2025-05-27,17.0,17.0,,,,0,Linear Regression,30
2025-05-28,35.0,35.0,,,,0,Linear Regression,30
2025-05-29,20.0,20.0,,,,0,Linear Regression,30
2025-05-30,33.0,33.0,,,,0,Linear Regression,30
2025-05-31,16.0,16.0,,,,0,Linear Regression,30
2025-06-01,26.0,26.0,,,,0,Linear Regression,30
2025-06-02,20.0,20.0,,,,0,Linear Regression,30
2025-06-03,35.0,35.0,,,,0,Linear Regression,30
2025-06-04,18.0,18.0,,,,0,Linear Regression,30
2025-06-05,8.0,8.0,,,,0,Linear Regression,30
2025-06-06,18.0,18.0,,,,0,Linear Regression,30
2025-06-07,13.0,13.0,,,,0,Linear Regression,30
2025-06-08,34.0,34.0,,,,0,Linear Regression,30
2025-06-09,24.0,24.0,,,,0,Linear Regression,30
2025-06-10,38.0,38.0,,,,0,Linear Regression,30
2025-06-11,28.0,28.0,,,,0,Linear Regression,30
2025-06-12,14.0,14.0,,,,0,Linear Regression,30
2025-06-13,17.0,17.0,,,,0,Linear Regression,30
2025-06-14,13.0,13.0,,,,0,Linear Regression,30
2025-06-15,20.0,20.0,,,,0,Linear Regression,30
2025-06-16,16.0,16.0,,,,0,Linear Regression,30
2025-06-17,21.0,21.0,,,,0,Linear Regression,30
2025-06-18,23.0,23.0,,,,0,Linear Regression,30
2025-06-19,20.0,20.0,,,,0,Linear Regression,30
2025-06-20,29.0,29.0,,,,0,Linear Regression,30
2025-06-21,21.0,21.0,,,,0,Linear Regression,30
2025-06-22,14.0,14.0,,,,0,Linear Regression,30
2025-06-23,17.0,17.0,,,,0,Linear Regression,30
2025-06-24,35.0,35.0,,,,0,Linear Regression,30
2025-06-25,14.0,14.0,,,,0,Linear Regression,30
2025-06-26,21.0,21.0,,,,0,Linear Regression,30
2025-06-27,19.0,19.0,,,,0,Linear Regression,30
2025-06-28,27.0,27.0,,,,0,Linear Regression,30
2025-06-29,29.0,29.0,,,,0,Linear Regression,30
2025-06-30,30.0,30.0,,,,0,Linear Regression,30
2025-07-01,16.0,16.0,,,,0,Linear Regression,30
2025-07-02,29.0,29.0,,,,0,Linear Regression,30
2025-07-03,16.0,16.0,,,,0,Linear Regression,30
2025-07-04,30.0,30.0,,,,0,Linear Regression,30
2025-07-05,2.0,2.0,,,,0,Linear Regression,30
2025-07-06,16.0,16.0,,,,0,Linear Regression,30
2025-07-07,22.0,22.0,,,,0,Linear Regression,30
2025-07-08,28.0,28.0,,,,0,Linear Regression,30
2025-07-09,28.0,28.0,,,,0,Linear Regression,30
2025-07-10,17.0,17.0,,,,0,Linear Regression,30
2025-07-11,13.0,13.0,,,,0,Linear Regression,30
2025-07-12,12.0,12.0,,,,0,Linear Regression,30
2025-07-13,22.0,22.0,,,,0,Linear Regression,30
2025-07-14,17.0,17.0,,,,0,Linear Regression,30
2025-07-15,43.0,43.0,,,,0,Linear Regression,30
2025-07-16,15.0,15.0,,,,0,Linear Regression,30
2025-07-17,15.0,15.0,,,,0,Linear Regression,30
2025-07-18,35.0,35.0,,,,0,Linear Regression,30
2025-07-19,17.0,17.0,,,,0,Linear Regression,30
2025-07-20,48.0,48.0,,,,0,Linear Regression,30
2025-07-21,17.0,17.0,,,,0,Linear Regression,30
2025-07-22,11.0,11.0,,,,0,Linear Regression,30
2025-07-23,44.0,44.0,,,,0,Linear Regression,30
2025-07-24,22.0,22.0,,,,0,Linear Regression,30
2025-07-25,14.0,14.0,,,,0,Linear Regression,30
2025-07-26,41.0,41.0,,,,0,Linear Regression,30
2025-07-27,13.0,13.0,,,,0,Linear Regression,30
2025-07-28,25.0,25.0,,,,0,Linear Regression,30
2025-07-29,6.0,6.0,,,,0,Linear Regression,30
2025-07-30,8.0,8.0,,,,0,Linear Regression,30
2025-07-31,39.0,39.0,,,,0,Linear Regression,30
2025-08-01,24.0,24.0,,,,0,Linear Regression,30
2025-08-02,27.0,27.0,,,,0,Linear Regression,30
2025-08-03,18.0,18.0,,,,0,Linear Regression,30
2025-08-04,15.0,15.0,,,,0,Linear Regression,30
2025-08-05,33.0,33.0,,,,0,Linear Regression,30
2025-08-06,14.0,14.0,,,,0,Linear Regression,30
2025-08-07,40.0,40.0,,,,0,Linear Regression,30
2025-08-08,18.0,18.0,,,,0,Linear Regression,30
2025-08-09,13.0,13.0,,,,0,Linear Regression,30
2025-08-10,17.0,17.0,,,,0,Linear Regression,30
2025-08-11,14.0,14.0,,,,0,Linear Regression,30
2025-08-12,5.0,5.0,,,,0,Linear Regression,30
2025-08-13,38.0,38.0,,,,0,Linear Regression,30
2025-08-14,17.0,17.0,,,,0,Linear Regression,30
2025-08-15,23.0,23.0,,,,0,Linear Regression,30
2025-08-16,15.0,15.0,,,,0,Linear Regression,30
2025-08-17,26.0,26.0,,,,0,Linear Regression,30
2025-08-18,35.0,35.0,,,,0,Linear Regression,30
2025-08-19,19.0,19.0,,,,0,Linear Regression,30
2025-08-20,33.0,33.0,,,,0,Linear Regression,30
2025-08-21,26.0,26.0,,,,0,Linear Regression,30
2025-08-22,25.0,25.0,,,,0,Linear Regression,30
2025-08-23,15.0,15.0,,,,0,Linear Regression,30
2025-08-24,26.0,26.0,,,,0,Linear Regression,30
2025-08-25,35.0,35.0,,,,0,Linear Regression,30
2025-08-26,23.0,23.0,,,,0,Linear Regression,30
2025-08-27,41.0,41.0,,,,0,Linear Regression,30
2025-08-28,42.0,42.0,,,,0,Linear Regression,30
2025-08-29,27.0,27.0,,,,0,Linear Regression,30
2025-08-30,31.0,31.0,,,,0,Linear Regression,30
2025-08-31,31.0,31.0,,,,0,Linear Regression,30
2025-09-01,29.0,29.0,,,,0,Linear Regression,30
2025-09-02,17.0,17.0,,,,0,Linear Regression,30
2025-09-03,17.0,17.0,,,,0,Linear Regression,30
2025-09-04,22.0,22.0,,,,0,Linear Regression,30
2025-09-05,38.0,38.0,,,,0,Linear Regression,30
2025-09-06,28.0,28.0,,,,0,Linear Regression,30
2025-09-07,20.0,20.0,,,,0,Linear Regression,30
2025-09-08,11.0,11.0,,,,0,Linear Regression,30
2025-09-09,13.0,13.0,,,,0,Linear Regression,30
2025-09-10,22.0,22.0,,,,0,Linear Regression,30
2025-09-11,12.0,12.0,,,,0,Linear Regression,30
2025-09-12,15.0,15.0,,,,0,Linear Regression,30
2025-09-13,9.0,9.0,,,,0,Linear Regression,30
2025-09-14,32.0,32.0,,,,0,Linear Regression,30
2025-09-15,28.0,28.0,,,,0,Linear Regression,30
2025-09-16,20.0,20.0,,,,0,Linear Regression,30
2025-09-17,33.0,33.0,,,,0,Linear Regression,30
2025-09-18,7.0,7.0,,,,0,Linear Regression,30
2025-09-19,16.0,16.0,,,,0,Linear Regression,30
2025-09-20,28.0,28.0,,,,0,Linear Regression,30
2025-09-21,8.0,8.0,,,,0,Linear Regression,30
2025-09-22,28.0,28.0,,,,0,Linear Regression,30
2025-09-23,37.0,37.0,,,,0,Linear Regression,30
2025-09-24,24.0,24.0,,,,0,Linear Regression,30
2025-09-25,27.0,27.0,,,,0,Linear Regression,30
2025-09-26,31.0,31.0,,,,0,Linear Regression,30
2025-09-27,29.0,29.0,,,,0,Linear Regression,30
2025-09-28,21.0,21.0,,,,0,Linear Regression,30
2025-09-29,23.0,23.0,,,,0,Linear Regression,30
2025-09-30,29.0,29.0,,,,0,Linear Regression,30
2025-10-01,43.0,43.0,,,,0,Linear Regression,30
2025-10-02,26.0,26.0,,,,0,Linear Regression,30
2025-10-03,33.0,33.0,,,,0,Linear Regression,30
2025-10-04,30.0,30.0,,,,0,Linear Regression,30
2025-10-05,15.0,15.0,,,,0,Linear Regression,30
2025-10-06,30.0,30.0,,,,0,Linear Regression,30
2025-10-07,24.0,24.0,,,,0,Linear Regression,30
2025-10-08,18.0,18.0,,,,0,Linear Regression,30
2025-10-09,27.0,27.0,,,,0,Linear Regression,30
2025-10-10,40.0,40.0,,,,0,Linear Regression,30
2025-10-11,20.0,20.0,,,,0,Linear Regression,30
2025-10-12,11.0,11.0,,,,0,Linear Regression,30
2025-10-13,25.0,25.0,,,,0,Linear Regression,30
2025-10-14,19.0,19.0,,,,0,Linear Regression,30
2025-10-15,15.0,15.0,,,,0,Linear Regression,30
2025-10-16,18.0,18.0,,,,0,Linear Regression,30
2025-10-17,21.0,21.0,,,,0,Linear Regression,30
2025-10-18,23.0,23.0,,,,0,Linear Regression,30
2025-10-19,16.0,16.0,,,,0,Linear Regression,30
2025-10-20,28.0,28.0,,,,0,Linear Regression,30
2025-10-21,21.0,21.0,,,,0,Linear Regression,30
2025-10-22,18.0,18.0,,,,0,Linear Regression,30
2025-10-23,12.0,12.0,,,,0,Linear Regression,30
2025-10-24,21.0,21.0,,,,0,Linear Regression,30
2025-10-25,20.0,20.0,,,,0,Linear Regression,30
2025-10-26,7.0,7.0,,,,0,Linear Regression,30
2025-10-27,14.0,14.0,,,,0,Linear Regression,30
2025-10-28,21.0,21.0,,,,0,Linear Regression,30
2025-10-29,19.0,19.0,,,,0,Linear Regression,30
2025-10-30,23.0,23.0,,,,0,Linear Regression,30
2025-10-31,22.0,22.0,,,,0,Linear Regression,30
2025-11-01,37.0,37.0,,,,0,Linear Regression,30
2025-11-02,28.0,28.0,,,,0,Linear Regression,30
2025-11-03,19.0,19.0,,,,0,Linear Regression,30
2025-11-04,38.0,38.0,,,,0,Linear Regression,30
2025-11-05,33.0,33.0,,,,0,Linear Regression,30
2025-11-06,33.0,33.0,,,,0,Linear Regression,30
2025-11-07,32.0,32.0,,,,0,Linear Regression,30
2025-11-08,30.0,30.0,,,,0,Linear Regression,30
2025-11-09,35.0,35.0,,,,0,Linear Regression,30
2025-11-10,15.0,15.0,,,,0,Linear Regression,30
2025-11-11,34.0,34.0,,,,0,Linear Regression,30
2025-11-12,18.0,18.0,,,,0,Linear Regression,30
2025-11-13,37.0,37.0,,,,0,Linear Regression,30
2025-11-14,25.0,25.0,,,,0,Linear Regression,30
2025-11-15,33.0,33.0,,,,0,Linear Regression,30
2025-11-16,10.0,10.0,,,,0,Linear Regression,30
2025-11-17,34.0,34.0,,,,0,Linear Regression,30
2025-11-18,24.0,24.0,,,,0,Linear Regression,30
2025-11-19,12.0,12.0,,,,0,Linear Regression,30
2025-11-20,21.0,21.0,,,,0,Linear Regression,30
2025-11-21,27.0,27.0,,,,0,Linear Regression,30
2025-11-22,15.0,15.0,,,,0,Linear Regression,30
2025-11-23,22.0,22.0,,,,0,Linear Regression,30
2025-11-24,24.0,24.0,,,,0,Linear Regression,30
2025-11-25,32.0,32.0,,,,0,Linear Regression,30
2025-11-26,29.0,29.0,,,,0,Linear Regression,30
2025-11-27,7.0,7.0,,,,0,Linear Regression,30
2025-11-28,38.0,38.0,,,,0,Linear Regression,30
2025-11-29,11.0,11.0,,,,0,Linear Regression,30
2025-11-30,28.0,28.0,,,,0,Linear Regression,30
2025-12-01,14.0,14.0,,,,0,Linear Regression,30
2025-12-02,15.0,15.0,,,,0,Linear Regression,30
2025-12-03,31.0,31.0,,,,0,Linear Regression,30
2025-12-04,28.0,28.0,,,,0,Linear Regression,30
2025-12-05,27.0,27.0,,,,0,Linear Regression,30
2025-12-06,35.0,35.0,,,,0,Linear Regression,30
2025-12-07,31.0,31.0,,,,0,Linear Regression,30
2025-12-08,31.0,31.0,,,,0,Linear Regression,30
2025-12-09,35.0,35.0,,,,0,Linear Regression,30
2025-12-10,42.0,42.0,,,,0,Linear Regression,30
2025-12-11,32.0,32.0,,,,0,Linear Regression,30
2025-12-12,36.0,36.0,,,,0,Linear Regression,30
2025-12-13,21.0,21.0,,,,0,Linear Regression,30
2025-12-14,27.0,27.0,,,,0,Linear Regression,30
2025-12-15,30.0,30.0,,,,0,Linear Regression,30
2025-12-16,17.0,17.0,,,,0,Linear Regression,30
2025-12-17,16.0,16.0,,,,0,Linear Regression,30
2025-12-18,23.0,23.0,,,,0,Linear Regression,30
2025-12-19,38.0,38.0,,,,0,Linear Regression,30
2025-12-20,29.0,29.0,,,,0,Linear Regression,30
2025-12-21,9.0,9.0,,,,0,Linear Regression,30
2025-12-22,30.0,30.0,,,,0,Linear Regression,30
2025-12-23,35.0,35.0,,,,0,Linear Regression,30
2025-12-24,20.0,20.0,,,,0,Linear Regression,30
2025-12-25,33.0,33.0,,,,0,Linear Regression,30
2025-12-26,22.0,22.0,,,,0,Linear Regression,30
2025-12-27,33.0,33.0,,,,0,Linear Regression,30
2025-12-28,37.0,37.0,,,,0,Linear Regression,30
2025-12-29,32.0,32.0,,,,0,Linear Regression,30
2025-12-30,47.0,47.0,,,,0,Linear Regression,30
2025-12-31,31.0,31.0,,,,0,Linear Regression,30
2026-01-01,27.33,,27.33,9.32,45.34,1,Linear Regression,30
2026-01-02,22.85,,22.85,4.84,40.86,1,Linear Regression,30
2026-01-03,21.3,,21.3,3.29,39.31,1,Linear Regression,30
2026-01-04,21.8,,21.8,3.79,39.81,1,Linear Regression,30
2026-01-05,22.69,,22.69,4.68,40.7,1,Linear Regression,30
2026-01-06,22.1,,22.1,4.09,40.11,1,Linear Regression,30
2026-01-07,22.05,,22.05,4.04,40.06,1,Linear Regression,30
2026-01-08,22.34,,22.34,4.33,40.35,1,Linear Regression,30
2026-01-09,21.45,,21.45,3.44,39.46,1,Linear Regression,30
2026-01-10,21.12,,21.12,3.11,39.13,1,Linear Regression,30
2026-01-11,21.04,,21.04,3.03,39.05,1,Linear Regression,30
2026-01-12,20.22,,20.22,2.21,38.23,1,Linear Regression,30
2026-01-13,21.49,,21.49,3.48,39.5,1,Linear Regression,30
2026-01-14,20.11,,20.11,2.1,38.12,1,Linear Regression,30
2026-01-15,19.9,,19.9,1.89,37.91,1,Linear Regression,30
2026-01-16,20.53,,20.53,2.52,38.54,1,Linear Regression,30
2026-01-17,20.55,,20.55,2.54,38.56,1,Linear Regression,30
2026-01-18,20.05,,20.05,2.04,38.06,1,Linear Regression,30
2026-01-19,19.02,,19.02,1.01,37.03,1,Linear Regression,30
2026-01-20,19.98,,19.98,1.97,37.99,1,Linear Regression,30
2026-01-21,21.05,,21.05,3.04,39.06,1,Linear Regression,30
2026-01-22,19.65,,19.65,1.64,37.66,1,Linear Regression,30
2026-01-23,19.13,,19.13,1.12,37.14,1,Linear Regression,30
2026-01-24,19.91,,19.91,1.9,37.92,1,Linear Regression,30
2026-01-25,19.04,,19.04,1.03,37.05,1,Linear Regression,30
2026-01-26,19.47,,19.47,1.46,37.48,1,Linear Regression,30
2026-01-27,19.41,,19.41,1.4,37.42,1,Linear Regression,30
2026-01-28,18.94,,18.94,0.93,36.95,1,Linear Regression,30
2026-01-29,19.11,,19.11,1.1,37.12,1,Linear Regression,30
2026-01-30,18.07,,18.07,0.06,36.08,1,Linear Regression,30
